black_ratio,edge_ratio,mean_intensity,std_intensity,center_x,center_y,contour_count,bbox_area,aspect_ratio,horizontal_density_std,vertical_density_std,cell_occupancy_count,cell_density_std,symmetry_score,label
0.015869140625,0.11639404296875,241.28009033203125,38.460171528931184,0.364453125,0.6198317307692308,12,0.5802001953125,1.0103092783505154,2.82272447070202,2.8199553963671127,3,0.028867499694374923,0.029541015625,0
0.01702880859375,0.132080078125,242.84130859375,42.08129818436371,0.45883736559139787,0.6495855734767025,19,0.630126953125,0.7672413793103449,2.7766706506792898,4.3489107719455165,4,0.0282907660686954,0.0303955078125,0
0.0096435546875,0.02166748046875,251.99835205078125,23.103287626217444,0.5666534810126582,0.5575553797468354,24,0.92315673828125,0.968,1.8349232570805243,1.3079347687767153,8,0.011288039217179895,0.0185546875,0
0.0128173828125,0.1326904296875,243.530517578125,39.891271248262136,0.5746651785714286,0.41328125,21,0.619384765625,1.372093023255814,2.6684920103637184,2.1276981950866527,6,0.016083197976895062,0.025390625,0
0.01513671875,0.1219482421875,243.80877685546875,40.58698784875242,0.31290952620967744,0.5212008568548387,16,0.65716552734375,0.8738738738738738,3.261398281412437,2.429473965697101,5,0.02233853365956616,0.0283203125,0
0.0208740234375,0.11944580078125,240.073974609375,40.912613456812345,0.5385599415204678,0.4668768274853801,21,0.48101806640625,0.6396396396396397,3.290871310819522,3.955039062307097,5,0.0329759342266604,0.0390625,0
0.01336669921875,0.12164306640625,243.9456787109375,39.991962124270884,0.6850028538812786,0.4490938926940639,29,0.7706298828125,1.102803738317757,2.4785086990151455,2.1547634141811836,6,0.0178864251750206,0.0267333984375,0
0.008056640625,0.015869140625,252.2987060546875,22.237306734982667,0.49852035984848486,0.7279829545454546,22,0.287353515625,0.411214953271028,1.9118769409928036,1.9880011160711153,3,0.016635635415941846,0.01513671875,0
0.07769775390625,0.11956787109375,234.51470947265625,67.14879992585851,0.5212895227808326,0.5062905047132757,6,1.0,1.0,19.061294467515676,19.00958170968903,15,0.05047629562753738,0.1043701171875,0
0.01202392578125,0.13543701171875,243.23138427734375,39.63540643477485,0.41402284263959394,0.4492782360406091,25,0.8203125,1.0714285714285714,2.304555080941601,1.7089028998435662,6,0.013861163268036821,0.0238037109375,0
0.0068359375,0.01666259765625,252.82244873046875,19.736018005135474,0.67236328125,0.5709402901785714,15,0.61871337890625,0.8532110091743119,1.5206906325745548,1.4737282653189494,4,0.01170348126387391,0.013671875,0
0.014892578125,0.1212158203125,243.971923828125,40.19656224138387,0.4848872950819672,0.5991290983606558,16,0.64984130859375,0.7777777777777778,2.4187984491271695,3.0934343273294167,6,0.020363435704772233,0.029541015625,0
0.01483154296875,0.122802734375,243.84051513671875,40.44718014241432,0.44309413580246915,0.4366962448559671,17,0.89263916015625,0.936,2.624523301209907,2.6482300803732577,6,0.02235245421736534,0.0289306640625,0
0.0087890625,0.0174560546875,252.51153564453125,21.129038508557194,0.5410698784722222,0.6131727430555556,11,0.95367431640625,1.0,1.6770509831248424,1.489546910976623,6,0.012318824034709828,0.017333984375,0
0.0081787109375,0.0198974609375,252.1934814453125,22.128454477154687,0.5333488805970149,0.3984375,27,0.52685546875,1.2530120481927711,1.5353103055652952,1.7359227328354796,6,0.011366968316655634,0.016357421875,0
0.02301025390625,0.13037109375,241.728271484375,44.99760889416149,0.39653100132625996,0.5347107095490716,21,0.856689453125,1.043103448275862,4.077967848983578,3.2071906362646656,7,0.027271652539166483,0.0440673828125,0
0.01165771484375,0.11297607421875,245.025390625,37.72455345582188,0.5301865183246073,0.5971858638743456,15,0.52734375,0.9375,2.0953672625207616,1.709331437973265,5,0.017888924297139105,0.0233154296875,0
0.0123291015625,0.1217041015625,244.2412109375,39.01248574297888,0.5722462871287128,0.5772741336633663,18,0.4254150390625,0.9647058823529412,2.127239169528194,3.156366025095157,4,0.021696603035379555,0.024658203125,0
0.07574462890625,0.1240234375,234.64959716796875,66.61121279853732,0.4946112006446414,0.4647398771152296,19,1.0,1.0,18.723547421024247,18.877714454545174,16,0.03856026119305465,0.1036376953125,0
0.01171875,0.0299072265625,251.0225830078125,26.533211845309467,0.661865234375,0.5282796223958334,43,0.71728515625,1.0865384615384615,2.003902442735175,2.011684617428885,6,0.01566690547571723,0.0234375,0
0.005615234375,0.11614990234375,249.77215576171875,20.59334463730305,0.42892323369565216,0.6841032608695652,17,0.69580078125,0.7916666666666666,1.5203695068962677,1.117597171390479,5,0.007929873910601423,0.01123046875,0
0.0753173828125,0.1279296875,234.63238525390625,66.33116842637864,0.5197654983792545,0.49038948541329014,12,1.0,1.0,18.80439375809215,18.813531688903467,15,0.03391687991257222,0.1025390625,0
0.0787353515625,0.12701416015625,233.96649169921875,67.26323792763908,0.48756661821705427,0.4994488856589147,10,1.0,1.0,18.97721058228461,18.690994395279642,15,0.0390363605778823,0.108154296875,0
0.0107421875,0.12860107421875,244.7452392578125,30.799838364077537,0.6697443181818182,0.5919744318181818,14,0.5322265625,1.3625,2.172268399622846,1.7230060940112777,5,0.016666062661988293,0.021484375,0
0.045654296875,0.1365966796875,234.09136962890625,52.08867550577939,0.5708869485294118,0.5391251671122995,21,0.9307861328125,1.0245901639344261,6.755134042896558,4.600335415760464,10,0.047111550149631254,0.084228515625,0
0.0096435546875,0.02056884765625,251.98211669921875,23.939366054306543,0.5374802215189873,0.5671479430379747,20,0.7967529296875,0.8770491803278688,1.8178127954701495,1.325733140332171,5,0.012977974609855733,0.0185546875,0
0.02392578125,0.13775634765625,237.6253662109375,43.402938769857855,0.5330237563775511,0.5324657206632653,21,0.8134765625,0.9411764705882353,3.8502232078153598,3.2009520068254695,8,0.023414600629608078,0.045654296875,0
0.01300048828125,0.1297607421875,243.67340087890625,39.63257408028079,0.6605413732394366,0.37888791079812206,17,0.598388671875,1.3255813953488371,2.254430858574676,2.240526388171706,5,0.01907336425742187,0.0260009765625,0
0.0159912109375,0.12298583984375,243.72613525390625,40.666626937092914,0.5079914122137404,0.4789778148854962,19,0.870361328125,1.0782608695652174,3.3537744012343764,2.0911247534221866,6,0.02101560174309674,0.030029296875,0
0.004638671875,0.0123291015625,253.25518798828125,17.408350375094223,0.5269325657894737,0.29409950657894735,24,0.39654541015625,1.2191780821917808,1.0565088440235604,1.2589523174052304,4,0.008460802466388407,0.00927734375,0
0.01153564453125,0.12042236328125,244.6915283203125,37.93319047943889,0.7000661375661376,0.44345238095238093,20,0.7989501953125,1.0818181818181818,2.1649366465542936,2.2911679736749444,5,0.01633816624766343,0.0230712890625,0
0.014892578125,0.1229248046875,244.29925537109375,33.3357441102344,0.6128970286885246,0.48411885245901637,15,0.61962890625,0.8703703703703703,3.3223615001230677,2.787913366211368,5,0.024568602679850983,0.02978515625,0
0.00677490234375,0.11126708984375,246.29345703125,34.0771945964535,0.5574324324324325,0.5413147522522522,13,0.41259765625,1.6,2.1116162861286494,1.4703905399055552,3,0.013915881775329427,0.0135498046875,0
0.01409912109375,0.11517333984375,244.4232177734375,39.536230084004075,0.691896645021645,0.5101799242424242,18,0.8280029296875,1.043859649122807,3.0440992965643794,2.672366091564505,5,0.021384178951423374,0.0272216796875,0
0.0152587890625,0.123291015625,243.60394287109375,40.74836361482261,0.5436875,0.589,21,0.8212890625,1.0,3.5922211421869616,2.041978877063864,5,0.024861320664027624,0.02978515625,0
0.01068115234375,0.128173828125,248.37921142578125,24.890726713603115,0.46383928571428573,0.6514732142857143,20,0.643310546875,1.4588235294117646,2.3347614096184968,1.7627707848281777,6,0.013872983553995797,0.0213623046875,0
0.0233154296875,0.13690185546875,240.95465087890625,45.87294791263689,0.4582583442408377,0.5104303010471204,19,0.823974609375,1.1574074074074074,3.203963304935779,2.8776736888283563,9,0.02322770637289963,0.046630859375,0
0.008056640625,0.0166015625,252.49945068359375,21.567133213522236,0.2225970643939394,0.5997869318181818,21,0.50518798828125,1.0449438202247192,1.5955871764024678,1.7362742978861376,6,0.01275386512364158,0.01611328125,0
0.00592041015625,0.01556396484375,252.9822998046875,18.160338776480007,0.40826353092783507,0.5696681701030928,20,0.7119140625,1.0,1.0058119679362292,0.9416250394099288,4,0.008268180106110086,0.0118408203125,0
0.013671875,0.125732421875,243.67010498046875,40.03859063549652,0.43990652901785715,0.6011788504464286,18,0.810791015625,1.1388888888888888,2.117634293262177,2.3284920012746446,6,0.019885100287399645,0.026611328125,0
0.02435302734375,0.12872314453125,241.3353271484375,45.931321141005824,0.43953634085213034,0.43826362781954886,20,0.855224609375,0.9112903225806451,3.596050554406007,3.232213574292972,9,0.023842100828840605,0.0455322265625,0
0.00506591796875,0.01019287109375,253.58843994140625,15.679599624747727,0.6324359939759037,0.5086596385542169,7,0.496337890625,0.7102803738317757,1.0352373199386458,1.0200325036947353,4,0.009488366068134654,0.0101318359375,0
0.08154296875,0.1307373046875,232.67926025390625,68.9844508743895,0.48706493263473055,0.45043506736526945,13,1.0,1.0,18.81478391451786,18.72112359742331,16,0.04241728194014724,0.103271484375,0
0.01873779296875,0.13177490234375,242.22613525390625,43.34806241001332,0.5192894951140065,0.3739566368078176,17,0.915771484375,1.024793388429752,2.873205537129871,2.2302600876565384,8,0.019118623349885434,0.0374755859375,0
0.020751953125,0.1295166015625,242.68511962890625,36.684505750634095,0.3173713235294118,0.4640625,17,0.54693603515625,0.8446601941747572,4.095419506900361,3.6302494318572656,6,0.030396243166933148,0.040283203125,0
0.014404296875,0.1217041015625,244.55865478515625,32.796489427923014,0.3232587394067797,0.605369438559322,17,0.751953125,1.018181818181818,2.4187984491271695,1.9583056292366623,7,0.01597396269819882,0.02880859375,0
0.021484375,0.13018798828125,241.99664306640625,44.217758115648124,0.5886452414772727,0.5443226207386364,22,0.7724609375,0.9911504424778761,2.7810744326608736,3.018174116912409,7,0.025202124805788945,0.042724609375,0
0.02191162109375,0.12945556640625,241.88311767578125,44.65810274483656,0.6871953342618384,0.4647022980501393,23,0.83551025390625,1.0,3.077282165701376,3.4934281912390515,7,0.02474860813099629,0.0435791015625,0
0.00274658203125,0.00628662109375,254.097412109375,12.440857474831553,0.5057291666666667,0.596875,8,0.24169921875,0.7638888888888888,0.6799568431847348,0.7351641371787323,2,0.006110530636653724,0.0054931640625,0
0.02545166015625,0.13287353515625,241.4168701171875,39.265415757111676,0.4549797661870504,0.5403177458033573,23,0.731689453125,1.0277777777777777,3.769213474299877,3.373254395215954,10,0.024100695800036213,0.0477294921875,0
0.019775390625,0.13043212890625,241.965576171875,43.91561328719755,0.41396604938271603,0.5567370756172839,20,0.8642578125,1.0169491525423728,3.468468457042676,2.7183907808665038,8,0.02008344171687384,0.0361328125,0
0.00689697265625,0.01629638671875,252.54730224609375,21.102343939100155,0.7697732300884956,0.6332273230088495,26,0.47235107421875,1.5352112676056338,1.7167424354992074,1.6659320483872535,4,0.011917807818951328,0.0137939453125,0
0.01275634765625,0.02374267578125,250.9725341796875,27.17525051854908,0.4072592703349282,0.4737215909090909,24,0.7562255859375,1.1238095238095238,2.2460767662401366,1.9916665985660729,8,0.015481167635276974,0.0250244140625,0
0.0177001953125,0.13067626953125,242.58905029296875,42.60665334091038,0.4900053879310345,0.5303071120689655,21,0.833984375,1.0892857142857142,2.3733032590410774,2.340153490558899,7,0.020108282099549332,0.03515625,0
0.00750732421875,0.01702880859375,252.5115966796875,21.38740302362924,0.6645706300813008,0.43178353658536583,26,0.4522705078125,0.8210526315789474,1.4109080838572547,1.5380707464527599,4,0.012528571615539129,0.0150146484375,0
0.0123291015625,0.11065673828125,245.119140625,38.148193058603376,0.49269028465346537,0.5399907178217822,21,0.72216796875,1.1372549019607843,2.4128865461051,1.9268228990685679,5,0.01787027659397999,0.024658203125,0
0.0087890625,0.01776123046875,252.25140380859375,22.42255207453382,0.7131076388888888,0.49951171875,24,0.699951171875,0.7704918032786885,1.7320508075688772,2.3351927115336757,4,0.016812055957701973,0.017578125,0
0.01947021484375,0.12420654296875,240.063232421875,40.14430641570886,0.6359962774294671,0.4333121081504702,23,0.77783203125,0.9152542372881356,3.9960842039231044,3.4460033320999197,6,0.02276267672621505,0.0347900390625,0
0.02197265625,0.1221923828125,239.537353515625,42.222416930270825,0.5255642361111111,0.2740017361111111,15,0.72491455078125,0.963963963963964,4.563356084067952,3.3790484977283177,5,0.030135301023846626,0.039306640625,0
0.011474609375,0.11614990234375,245.01055908203125,37.659179713961414,0.4486369680851064,0.2559840425531915,15,0.6220703125,1.2307692307692308,2.2428271082497644,1.8579958120243436,4,0.020296002070425707,0.02294921875,0
0.02459716796875,0.13775634765625,240.550537109375,46.98231345976724,0.4571184863523573,0.6046642369727047,17,0.792236328125,0.9322033898305084,3.5818331631433855,2.8942017567187244,7,0.030497490947736742,0.0457763671875,0
0.01348876953125,0.12371826171875,243.8868408203125,39.66733940053504,0.6265554298642534,0.5208569004524887,20,0.5855712890625,1.4268292682926829,3.0966585917071567,2.1998396381540517,5,0.02244027887738005,0.0264892578125,0
0.02191162109375,0.12689208984375,242.07379150390625,44.71190998122782,0.3582216225626741,0.4996300487465181,20,0.885498046875,1.0598290598290598,3.201705096873188,3.8549047364810134,6,0.029039331758701475,0.0435791015625,0
0.00518798828125,0.11248779296875,250.0391845703125,20.303629137940142,0.28667279411764707,0.18382352941176472,12,0.30615234375,0.38596491228070173,1.701457756188425,1.4645676823191716,3,0.012156726180608108,0.0103759765625,0
0.02008056640625,0.1253662109375,243.04547119140625,36.75055730401797,0.5013297872340425,0.4613649316109423,16,0.65716552734375,1.1443298969072164,3.346368352758517,2.4452875398087133,7,0.023707974922832088,0.0384521484375,0
0.06512451171875,0.117919921875,237.59893798828125,62.21241041868254,0.44376025070290537,0.5553391518275539,9,1.0,1.0,18.90943768323357,18.776347048776387,15,0.036421524494567876,0.0831298828125,0
0.01025390625,0.13232421875,248.06903076171875,24.546296796341657,0.6677827380952381,0.4826078869047619,23,0.779296875,0.9824561403508771,1.574950396044269,1.7710784144130942,6,0.013242237912422478,0.0205078125,0
0.00567626953125,0.11688232421875,249.693115234375,20.902683539739634,0.5936659946236559,0.5640961021505376,10,0.51953125,1.4736842105263157,1.797197661247574,1.235635234846332,3,0.010496449903515526,0.0113525390625,0
0.0164794921875,0.1171875,244.39593505859375,33.97256670685971,0.44288194444444445,0.4963252314814815,15,0.8125,1.2307692307692308,2.9533730054591816,2.46295799992103,5,0.0262036372790364,0.032958984375,0
0.0166015625,0.12969970703125,242.91937255859375,41.955906922393375,0.36825022977941174,0.6114430147058824,19,0.7451171875,0.9732142857142857,2.537222891273055,2.5186802099512358,6,0.022484808137604007,0.031982421875,0
0.00921630859375,0.01934814453125,252.00958251953125,23.401401230739115,0.2191639072847682,0.3035492549668874,21,0.58544921875,0.8073394495412844,1.6883497571130663,1.9342052379061923,4,0.0151602039881925,0.0184326171875,0
0.00927734375,0.11859130859375,245.3369140625,36.28436900687388,0.3885690789473684,0.4281455592105263,18,0.6317138671875,1.2777777777777777,1.995111212439046,1.5995604865087159,3,0.018602810743699943,0.018310546875,0
0.019287109375,0.12591552734375,239.37615966796875,40.688094579683714,0.620673457278481,0.5079113924050633,18,0.784423828125,1.2352941176470589,3.3141210656069884,3.104778323407325,6,0.02324726466013726,0.034423828125,0
0.01654052734375,0.1275634765625,242.98907470703125,41.691859197135294,0.527329335793358,0.5824204335793358,23,0.82073974609375,1.0530973451327434,2.3272203569588656,2.5050607956382516,6,0.02058749386660514,0.0330810546875,0
0.0870361328125,0.1324462890625,231.48492431640625,70.85779365151913,0.5375832748948106,0.4965923036465638,20,1.0,1.0,19.20112886289176,18.540384289689765,16,0.04485930355840965,0.11865234375,0
0.00762939453125,0.11968994140625,249.5543212890625,21.69221014184999,0.7045,0.4459375,15,0.7109375,1.0769230769230769,2.0746417000517825,1.9099445498740926,6,0.011441935018118528,0.0152587890625,0
0.00830078125,0.116943359375,245.451171875,35.93659725216355,0.5860523897058824,0.6362017463235294,17,0.6483154296875,1.202127659574468,2.327653056192009,1.5499495959546556,3,0.015429223934887657,0.0166015625,0
0.03778076171875,0.138427734375,238.5093994140625,45.42006263079555,0.439595113085622,0.5289781906300485,24,0.8681640625,1.1339285714285714,4.927247811516461,4.6414863994300095,11,0.030341717413290854,0.0657958984375,0
0.00531005859375,0.1173095703125,246.02679443359375,33.850956892628744,0.5079920977011494,0.28313577586206895,18,0.677001953125,0.7966101694915254,1.643802726103029,1.3342460051818592,3,0.010747561411055467,0.0106201171875,0
0.02362060546875,0.1334228515625,240.8759765625,46.858843559668124,0.4886143410852713,0.5480256782945736,18,0.849609375,0.9666666666666667,3.35285522854682,2.759825752397015,8,0.02449016155034649,0.0469970703125,0
0.0848388671875,0.1312255859375,232.23089599609375,69.867494356141,0.4953462230215827,0.5447054856115108,12,1.0,1.0,19.149385750184653,18.734049204840233,16,0.049270306181826345,0.119140625,0
0.01287841796875,0.12213134765625,244.38525390625,38.574976675579066,0.4157656990521327,0.4693794431279621,18,0.71185302734375,0.981651376146789,2.306884546004362,2.3304701904537954,4,0.02144054797667032,0.0257568359375,0
0.0091552734375,0.01983642578125,252.1385498046875,22.144532961533272,0.38203125,0.56125,28,0.619384765625,0.7288135593220338,1.556786428632714,1.750488213149406,5,0.01610541874343248,0.018310546875,0
0.01177978515625,0.117431640625,244.68829345703125,37.97945540524149,0.6183613989637305,0.4190819300518135,22,0.8203125,0.9333333333333333,2.1028109674537436,1.854033161743271,4,0.019541832917759513,0.0228271484375,0
0.01226806640625,0.12066650390625,244.76226806640625,37.99627268459738,0.6053715796019901,0.542793843283582,20,0.77911376953125,0.9652173913043478,1.7261028799998424,1.831510620319672,5,0.01906476851551137,0.0245361328125,0
0.0186767578125,0.13427734375,242.7340087890625,35.96133279904287,0.3924121732026144,0.33034620098039214,18,0.589599609375,0.8761904761904762,3.448809520599101,3.6405579392965306,6,0.024119005614797195,0.0361328125,0
0.00555419921875,0.0128173828125,253.1419677734375,17.57401303113471,0.6690418956043956,0.5803571428571429,24,0.86212158203125,1.1061946902654867,1.4478019101706388,1.186857350777148,4,0.010064510346036608,0.0111083984375,0
0.0867919921875,0.13348388671875,231.608642578125,70.41470289854398,0.5033513537271449,0.5071916754571026,10,1.0,1.0,18.74801421776117,18.966761376402008,15,0.04941405646885771,0.119873046875,0
0.00921630859375,0.11346435546875,245.7266845703125,35.91197301056894,0.574296357615894,0.6284147350993378,18,0.41949462890625,1.1012658227848102,2.711185147190016,1.8003193889817857,5,0.015772953496481945,0.0167236328125,0
0.00518798828125,0.015625,252.99395751953125,18.735646201454756,0.5581801470588236,0.4303308823529412,34,0.54052734375,0.7592592592592593,1.2886362931773068,1.0700273342741062,4,0.007297467013732441,0.0101318359375,0
0.00457763671875,0.0111083984375,253.4840087890625,16.537310979643056,0.66625,0.6302083333333334,16,0.44989013671875,0.5384615384615384,1.2532915646782874,1.2281041267310153,3,0.0089151033935499,0.0091552734375,0
0.01361083984375,0.1256103515625,243.7821044921875,39.802190421734174,0.37563060538116594,0.5189531950672646,17,0.6785888671875,1.0686274509803921,2.1551032956319633,1.9575418807381235,5,0.01883357416339371,0.0257568359375,0
0.010986328125,0.12750244140625,244.75115966796875,30.9455092201033,0.4382378472222222,0.5615885416666667,21,0.79266357421875,1.054054054054054,2.1845962870745708,1.4055553840030637,6,0.013726262496943942,0.02197265625,0
0.0223388671875,0.13116455078125,241.9600830078125,38.15975930055013,0.4420039275956284,0.44309255464480873,20,0.961181640625,1.0241935483870968,2.920119793668575,3.2276500134579336,9,0.023304562257896316,0.044677734375,0
0.01531982421875,0.12921142578125,243.24530029296875,41.17476651531236,0.4738234561752988,0.48406374501992033,29,0.68359375,1.12,2.4379882323534194,2.0440551903247988,5,0.020416693119758543,0.0303955078125,0
0.01763916015625,0.1190185546875,243.61053466796875,41.42397013346773,0.42947123702422146,0.400897491349481,16,0.734130859375,0.782258064516129,3.240963624424648,3.2935687657681827,6,0.02405366004466718,0.0328369140625,0
0.08673095703125,0.13336181640625,231.9693603515625,69.89722095860022,0.5108638282899367,0.5218760995777622,8,1.0,1.0,18.871622149634984,18.56990165721385,15,0.04216955121009818,0.1207275390625,0
0.0767822265625,0.12054443359375,234.8948974609375,66.5347658134807,0.5375285671701113,0.5082534280604134,6,1.0,1.0,18.768786161720076,19.150354669936924,15,0.05063770252564892,0.10302734375,0
0.02960205078125,0.1339111328125,237.23480224609375,45.90060414816942,0.5193621134020618,0.46156572164948456,21,0.86279296875,0.9193548387096774,4.17891347973295,4.09964240770994,7,0.03708964375406334,0.0513916015625,0
0.0867919921875,0.13800048828125,231.8785400390625,69.77393230507957,0.48929764416315047,0.47782612517580875,14,1.0,1.0,18.80044646037362,18.505165822260956,16,0.03902261605223932,0.123779296875,0
0.0218505859375,0.12548828125,242.3692626953125,44.17801511029313,0.4713468924581006,0.5546438547486033,19,0.80718994140625,1.0,2.3430728188374768,3.197556134671446,9,0.02120758704600558,0.043212890625,0
0.022705078125,0.12921142578125,242.02117919921875,38.179265979821125,0.4835979502688172,0.38333753360215056,18,0.7181396484375,1.0471698113207548,4.2101764734390885,3.083315737562405,6,0.03259894494765804,0.044921875,0
0.0091552734375,0.11138916015625,245.82958984375,35.71297748942108,0.5068229166666667,0.63953125,16,0.83453369140625,1.0707964601769913,1.5212524393982085,1.8333259351176485,4,0.014918071002315103,0.017822265625,0
0.01416015625,0.118896484375,244.37274169921875,39.56922017436905,0.5955684267241379,0.5387594288793104,16,0.68280029296875,1.1414141414141414,2.6390990413396764,3.1862742741327215,5,0.02104713092016827,0.0283203125,0
0.0147705078125,0.11920166015625,244.06109619140625,40.20692467918604,0.6531185433884298,0.5306689049586777,16,0.828369140625,1.0086206896551724,2.625697451987757,3.359302324795284,5,0.022088655933989145,0.029541015625,0
0.0770263671875,0.12518310546875,234.42041015625,66.9394732539723,0.5207817452456418,0.49731329239302696,7,1.0,1.0,19.127750772356247,18.716943516754412,16,0.041318050952284094,0.101318359375,0
0.01910400390625,0.12945556640625,242.17010498046875,43.796286144127286,0.4163089057507987,0.43363119009584666,23,0.724609375,1.0566037735849056,3.18641793827234,2.8168260999471992,7,0.024842358316272954,0.0382080078125,0
0.0169677734375,0.12811279296875,243.10931396484375,41.67112451480262,0.409144559352518,0.3149730215827338,21,0.8544921875,1.1160714285714286,3.059588858715334,2.6401626814223023,6,0.021663611697965598,0.03369140625,0
0.0877685546875,0.1348876953125,230.8740234375,71.28233058299371,0.4552220966620306,0.5548396210013908,11,1.0,1.0,19.076525321959842,18.570593511231003,15,0.042607785314513286,0.124267578125,0
0.0885009765625,0.140869140625,230.6641845703125,71.27243784902055,0.4601508620689655,0.4600592672413793,28,1.0,1.0,19.088244654351406,18.778357462365417,16,0.037027167566022944,0.124267578125,0
0.02203369140625,0.12872314453125,241.7510986328125,45.35294462540828,0.4551376385041551,0.5758093836565097,21,0.8997802734375,1.0769230769230769,4.2618100500073615,2.9273323867206726,5,0.031685594697060386,0.0440673828125,0
0.023681640625,0.129638671875,241.986572265625,38.647155172134916,0.5935687822164949,0.6158988402061856,22,0.73553466796875,1.1359223300970873,4.782679524858424,2.9018784325846596,8,0.028927315948800176,0.046630859375,0
0.01324462890625,0.11920166015625,244.396484375,38.960830532284355,0.5070204493087558,0.32837701612903225,16,0.600830078125,1.1630434782608696,2.5296942557043827,2.2863678678952235,5,0.020306186428422593,0.0255126953125,0
0.09423828125,0.1414794921875,229.93914794921875,72.47431031019248,0.4911046794041451,0.48470895401554404,18,1.0,1.0,18.913350939217512,18.75614482642955,15,0.04694615367860123,0.136962890625,0
0.00927734375,0.11236572265625,245.67120361328125,36.03844837931323,0.6073190789473685,0.3695518092105263,12,0.3411865234375,0.7558139534883721,2.0068242947502903,2.5943146975646574,3,0.018692309318897433,0.0185546875,0
0.01385498046875,0.12408447265625,244.08056640625,39.49830461738749,0.6829226321585903,0.49456222466960353,20,0.6842041015625,0.8050847457627118,1.7993698712587554,2.372415843311149,7,0.016580793067166325,0.0277099609375,0
0.0150146484375,0.1231689453125,244.23199462890625,33.563421255337666,0.5429052337398373,0.3975800304878049,16,0.673828125,1.3043478260869565,2.5267610659448985,2.2796976738977914,4,0.026710535314744852,0.030029296875,0
0.00750732421875,0.01715087890625,252.7716064453125,19.999541241257003,0.4848831300813008,0.5344893292682927,10,0.531005859375,1.5466666666666666,1.438327716862103,1.063619584764097,5,0.012327137403491532,0.0150146484375,0
0.01715087890625,0.12139892578125,243.556640625,41.48555747895404,0.5476534697508897,0.6002279804270463,15,0.57403564453125,1.0421052631578946,3.2549447809976364,2.724479863633378,5,0.02681541924490486,0.0343017578125,0
0.0174560546875,0.1287841796875,243.1417236328125,35.373585955585774,0.4676027097902098,0.5492788461538461,19,0.792236328125,1.0727272727272728,2.9803637964810603,2.3065273376604494,7,0.02175969661862291,0.03271484375,0
0.0062255859375,0.12591552734375,249.04052734375,22.0404860541495,0.4524356617647059,0.46951593137254904,14,0.560546875,1.3658536585365855,1.5173958726630965,1.1947762277409941,4,0.012572056982973872,0.012451171875,0
0.01513671875,0.1202392578125,243.94464111328125,40.41412879178679,0.3605090725806452,0.5742817540322581,18,0.686767578125,1.1958762886597938,2.35435102522967,2.8360128261346067,5,0.025395319578019226,0.030029296875,0
0.0045166015625,0.01251220703125,253.42535400390625,16.236910119874786,0.44890202702702703,0.31915118243243246,26,0.4522705078125,0.8210526315789474,1.1292238415721658,1.1497919309053268,4,0.007626220042693982,0.009033203125,0
0.0194091796875,0.12530517578125,242.409423828125,43.415688083207186,0.5449341588050315,0.531004323899371,19,0.7049560546875,1.0476190476190477,2.7782199083900827,2.9527116112778438,9,0.016503888192251584,0.03759765625,0
0.0068359375,0.0159912109375,252.72198486328125,19.995151147219705,0.4429408482142857,0.6242327008928571,23,0.7763671875,0.8833333333333333,1.1319231422671772,1.1524430571616109,4,0.012299454802548827,0.013671875,0
0.01519775390625,0.11370849609375,244.45367431640625,39.72146894491664,0.4039909638554217,0.4318210341365462,16,0.61767578125,1.3068181818181819,2.8974897372283737,2.599003997177332,5,0.023490765761044658,0.0303955078125,0
0.03131103515625,0.1396484375,236.21173095703125,46.208221539818304,0.48428362573099415,0.515822977582846,25,0.8558349609375,1.0789473684210527,3.7343341394208083,3.688021348208786,10,0.026211810602009722,0.0560302734375,0
0.0048828125,0.01080322265625,253.56451416015625,16.165404443247446,0.63486328125,0.35556640625,10,0.41949462890625,1.1012658227848102,1.192424001771182,0.9842509842514764,3,0.011005300458578754,0.009765625,0
0.01922607421875,0.1251220703125,242.79388427734375,42.68425058780425,0.37155257936507935,0.40709325396825397,19,0.62109375,0.9056603773584906,2.3448825388692183,2.2565956928731716,6,0.025818303963569773,0.0379638671875,0
0.0233154296875,0.12579345703125,241.87872314453125,45.15299378863678,0.5558736910994765,0.4905104712041885,16,0.5712890625,0.8653846153846154,3.797582238658565,3.8890559084918026,6,0.03248607300416399,0.045654296875,0
0.01324462890625,0.125,243.99139404296875,39.35571497795186,0.5241575460829493,0.45121687788018433,20,0.9307861328125,1.0245901639344261,2.0749947053772813,1.7119004139679825,6,0.017356213567611047,0.0260009765625,0
0.0281982421875,0.1241455078125,238.48834228515625,44.422089186038654,0.6052996482683982,0.5668628246753247,19,0.69580078125,1.14,4.334156447265719,3.6640874865885777,7,0.030424418354351862,0.05224609375,0
0.0145263671875,0.1236572265625,243.68035888671875,40.504908917972294,0.34394695378151263,0.37234112394957986,19,0.8861083984375,1.0252100840336134,2.882420789783303,2.280126007345866,6,0.017587870969025317,0.02685546875,0
0.086669921875,0.1326904296875,232.0118408203125,70.11256108643916,0.4763589348591549,0.47702464788732396,10,1.0,1.0,18.72057587088335,18.85903194592713,16,0.03476668795557245,0.119384765625,0
0.0201416015625,0.123779296875,242.53729248046875,43.48571347308318,0.7013257575757575,0.3632339015151515,18,0.7720947265625,1.0454545454545454,3.2346014413486865,3.3508613048550666,5,0.030349881040915017,0.0400390625,0
0.013427734375,0.12249755859375,244.45330810546875,32.66509139499762,0.33824573863636365,0.5325639204545455,15,0.7305908203125,0.9210526315789473,2.703982884098936,2.5523809350290954,5,0.020080473647439635,0.024169921875,0
0.01849365234375,0.1397705078125,242.3365478515625,35.83523346126402,0.5245719884488449,0.6666408828382838,24,0.71185302734375,1.0186915887850467,3.452515146939076,2.102346508034237,7,0.02298935971124664,0.0362548828125,0
0.017578125,0.124267578125,243.1507568359375,41.65947453190997,0.6498752170138888,0.563720703125,20,0.49285888671875,1.1176470588235294,2.6457513110645907,2.6040833319999575,8,0.01769303801952484,0.03466796875,0
0.01385498046875,0.121337890625,244.09979248046875,39.88964409482269,0.6313325991189427,0.2634567731277533,15,0.6842041015625,1.2421052631578948,2.7363720385930255,3.5777411775579506,4,0.024129737818677287,0.0272216796875,0
0.004638671875,0.13311767578125,249.5301513671875,20.31025394016054,0.7697368421052632,0.6671463815789473,21,0.146484375,0.6666666666666666,1.3430230591840187,1.4707433282187616,2,0.011680540736236021,0.00927734375,0
0.01385498046875,0.11956787109375,244.22894287109375,39.73307410013642,0.405664922907489,0.6690184471365639,17,0.900634765625,1.0420168067226891,3.026484252989556,2.319128485788088,5,0.022620175679778493,0.0277099609375,0
0.01531982421875,0.126708984375,243.1756591796875,41.074737501836566,0.594746015936255,0.5579556772908366,18,0.878662109375,0.9672131147540983,2.6733708349373737,1.8599493598197103,8,0.015466722875765629,0.0306396484375,0
0.01397705078125,0.1251220703125,243.83685302734375,40.134275441251205,0.30847434497816595,0.43794350436681223,17,0.6922607421875,1.009433962264151,2.703158869007471,2.3273252611299844,4,0.025716524081124344,0.0279541015625,0
0.01617431640625,0.1241455078125,243.98345947265625,34.33029276474785,0.2904186320754717,0.5486438679245284,15,0.515625,1.0909090909090908,3.2238941751155155,2.809536198795764,4,0.029201032907526403,0.0323486328125,0
0.02703857421875,0.13568115234375,240.3087158203125,47.63224069600312,0.4970725169300226,0.4735644751693002,22,0.83251953125,1.1272727272727272,4.222155743348858,3.0768854579093046,8,0.027912692254442602,0.0511474609375,0
0.00421142578125,0.01068115234375,253.6817626953125,15.175106485749705,0.7436594202898551,0.3988903985507246,14,0.83251953125,1.1272727272727272,0.9992367692863139,0.9754994213702795,3,0.009554097978522738,0.0079345703125,0
0.02032470703125,0.12677001953125,242.40203857421875,43.56077435880527,0.49594125375375375,0.5465700075075075,22,0.82940673828125,1.1869158878504673,3.502989445972361,2.516631689102271,10,0.016688288630734856,0.0382080078125,0
0.00482177734375,0.11724853515625,249.92138671875,20.045990131261565,0.5142405063291139,0.395371835443038,10,0.69781494140625,0.9279279279279279,1.01643597429634,0.969222415054331,3,0.009157511119768086,0.0096435546875,0
0.08319091796875,0.13623046875,232.11932373046875,69.38080094434899,0.5301838774761556,0.4715987252384446,21,1.0,1.0,18.750245766618466,18.565168092656574,15,0.03504964772794286,0.1177978515625,0
0.0179443359375,0.12835693359375,243.28680419921875,35.18713860676624,0.541905824829932,0.5124362244897959,17,0.6317138671875,1.2777777777777777,2.9217914426555156,2.9589888871665266,7,0.023419373178246054,0.035888671875,0
0.02899169921875,0.14068603515625,239.04180908203125,49.545660586550774,0.39957236842105265,0.5886677631578947,27,0.70159912109375,1.2736842105263158,5.659826001839081,3.2695382504405344,9,0.028675288171326245,0.0562744140625,1
0.0189208984375,0.1295166015625,242.25750732421875,43.46563456032685,0.4515372983870968,0.4546875,19,0.833984375,1.0892857142857142,3.141479983124992,2.8712186409911387,7,0.021958749396805737,0.035888671875,1
0.029541015625,0.13824462890625,240.08026123046875,41.20140030081702,0.42663675103305787,0.571587680785124,24,0.80621337890625,0.9327731092436975,5.0357123068638465,3.9802981593719835,9,0.028524778804205606,0.0546875,1
0.0931396484375,0.13671875,229.59088134765625,72.67848982442311,0.43957855504587157,0.46777215760157276,12,1.0,1.0,18.77731733992838,18.68723217826479,16,0.04144480367882098,0.134521484375,1
0.016845703125,0.1275634765625,242.72137451171875,42.45907602480592,0.4604846014492754,0.4902909873188406,21,0.59210205078125,1.2247191011235956,2.824107989702235,2.544717260817005,6,0.023593384190432984,0.033447265625,1
0.1075439453125,0.1456298828125,225.73846435546875,77.55729371618955,0.533081193246311,0.5014631810442679,13,1.0,1.0,18.911175752960865,19.30247894337344,16,0.056419070786603416,0.164794921875,1
0.08807373046875,0.13653564453125,231.1468505859375,70.75835234172958,0.49926368676368676,0.5725322678447679,11,1.0,1.0,19.155088604169748,19.13264342514107,15,0.06242195859862878,0.1192626953125,1
0.09405517578125,0.138916015625,229.50030517578125,73.0250669311401,0.509439892926671,0.49610642439974045,19,1.0,1.0,18.53434411089569,18.876408202332712,15,0.047930865844567946,0.1317138671875,1
0.01275634765625,0.126953125,243.5999755859375,39.58785183228204,0.49857954545454547,0.6201031698564593,24,0.68524169921875,1.058252427184466,2.6126826902331155,1.9719560948063093,6,0.015729435945778476,0.0235595703125,1
0.010498046875,0.1297607421875,248.06915283203125,25.015786824411816,0.38535610465116277,0.3338935319767442,17,0.533447265625,1.0326086956521738,2.0745387288503436,2.108159371940366,5,0.015488986255431544,0.02099609375,1
0.01409912109375,0.03448486328125,250.16412353515625,29.044502231092316,0.3706371753246753,0.4120670995670996,48,0.692138671875,1.0285714285714285,2.3586893664371638,1.8918352273239205,8,0.01588966802605568,0.0277099609375,1
0.01007080078125,0.13385009765625,247.905029296875,25.031596519510057,0.4792613636363636,0.6072443181818182,16,0.57861328125,1.518987341772152,1.8120790189982747,1.3927958827817342,5,0.014841335501805678,0.0201416015625,1
0.07373046875,0.1251220703125,235.123779296875,65.66065297122425,0.5203849337748344,0.4655745550496689,14,1.0,1.0,18.743644756290063,18.66177158658845,15,0.04723348233978595,0.1005859375,1
0.03057861328125,0.13800048828125,239.00286865234375,50.31934084969891,0.45727295409181634,0.3774638223552894,22,0.757568359375,0.9224137931034483,4.470436471542096,3.5333839652794246,7,0.03487319377952619,0.0594482421875,1
0.01470947265625,0.1197509765625,243.9490966796875,40.195062367594275,0.3525025933609959,0.5289808091286307,15,0.6253662109375,0.8623853211009175,2.4641843660415814,3.20307736245064,4,0.02721148244315953,0.0291748046875,1
0.0091552734375,0.12188720703125,244.95672607421875,36.79540562252224,0.57375,0.46671875,20,0.7181396484375,0.954954954954955,1.4037303816527589,1.5467171636647083,4,0.014049757376371305,0.018310546875,1
0.01641845703125,0.13214111328125,242.57135009765625,41.88822566309806,0.30619772304832715,0.3606238382899628,24,0.7166748046875,0.9035087719298246,2.814137977888389,2.822454172983815,6,0.019963535057708367,0.0321044921875,1
0.0135498046875,0.03076171875,250.51385498046875,27.848040466865953,0.37809684684684686,0.522487331081081,32,0.9002685546875,1.0593220338983051,2.1487073694142254,2.1194205244299678,7,0.015681640959480863,0.026123046875,1
0.0238037109375,0.13275146484375,241.60711669921875,38.54331219141167,0.4940304487179487,0.49637419871794874,21,0.938232421875,0.9682539682539683,3.337428311495994,3.2831467732002175,7,0.028146936550774018,0.047607421875,1
0.0162353515625,0.13616943359375,242.94305419921875,34.41954311279774,0.43394619360902253,0.6011219454887218,18,0.899169921875,1.0948275862068966,2.8983006200832584,2.9728179366343643,7,0.018777810770428408,0.031005859375,1
0.019775390625,0.1298828125,242.0089111328125,43.947215027549234,0.48140914351851855,0.6276523919753086,22,0.79296875,0.9655172413793104,3.686837864281531,2.3046742584365365,7,0.024503011790849502,0.03857421875,1
0.10113525390625,0.1461181640625,227.69140625,75.0600442222589,0.46414359535304767,0.48904741249245626,10,1.0,1.0,19.577294163835404,19.09569183814359,16,0.04544816426167385,0.1322021484375,1
0.09197998046875,0.13836669921875,229.89886474609375,72.37305588035646,0.5065579379562044,0.44831411745189115,10,1.0,1.0,18.938310561757977,18.833238089441597,16,0.04433451074665616,0.1246337890625,1
0.02093505859375,0.13995361328125,240.65350341796875,45.58310893839663,0.2979682944606414,0.517219387755102,27,0.74462890625,1.22,3.762341345803667,3.0667918746376888,8,0.022972500942453133,0.0418701171875,1
0.0203857421875,0.132568359375,242.2137451171875,36.98794727595654,0.6311283682634731,0.42837761976047906,18,0.60540771484375,0.8348623853211009,4.131121168566107,3.731693598002789,6,0.03242179227152002,0.04052734375,1
0.026611328125,0.128662109375,240.54205322265625,47.44913049209808,0.7238926318807339,0.4227171731651376,19,0.9151611328125,0.9444444444444444,3.3152995245527968,4.8111808256913395,7,0.032221938292761494,0.05322265625,1
0.02142333984375,0.14166259765625,240.82470703125,45.65913785904588,0.46156071937321935,0.5427795584045584,26,0.793212890625,1.0,3.1628855835840395,3.4374911221476268,8,0.022999728196030782,0.0418701171875,1
0.01904296875,0.125244140625,242.53460693359375,43.100492907663885,0.5422926682692307,0.5464743589743589,20,0.63873291015625,1.2637362637362637,3.974036832994883,2.9228357377724805,6,0.024873604740136775,0.037109375,1
0.0189208984375,0.12225341796875,242.681640625,42.96662738897888,0.30619959677419356,0.4983366935483871,20,0.734130859375,0.782258064516129,3.0223370897990516,3.280170953528947,6,0.0260805158119153,0.03564453125,1
0.09326171875,0.13409423828125,230.001220703125,72.79777042855955,0.4741031986256545,0.5041618946335078,9,1.0,1.0,18.764057230513874,18.60852879058417,16,0.05181075932761932,0.126953125,1
0.027099609375,0.1424560546875,239.69549560546875,48.346031218635126,0.5335550394144144,0.2954849380630631,20,0.580078125,1.03125,4.51202819555685,4.616440559294574,8,0.034364906910026895,0.05322265625,1
0.03399658203125,0.1463623046875,237.87445068359375,51.854967626495835,0.4899012567324955,0.4753141831238779,25,0.8858642578125,1.0423728813559323,5.144156034627425,4.82925628938802,10,0.03506834909199389,0.0660400390625,1
0.085693359375,0.12908935546875,232.226806640625,69.77535853263058,0.5328748219373219,0.4667022792022792,10,1.0,1.0,19.5791412844767,18.921275021454026,15,0.05287378040106595,0.120361328125,1
0.0142822265625,0.12542724609375,243.42486572265625,40.538317610430234,0.3960670405982906,0.46270699786324787,20,0.7562255859375,0.8898305084745762,2.3255018779555954,2.5344790360890737,6,0.01943296498570615,0.028564453125,1
0.027587890625,0.14453125,239.43023681640625,48.61030682862653,0.47084139933628316,0.48938744469026546,23,0.83526611328125,0.9663865546218487,3.999877927824798,3.7665001576397152,8,0.030396243166933148,0.05517578125,1
0.01220703125,0.0264892578125,250.847412109375,27.58512938922001,0.460078125,0.511796875,39,0.8861083984375,0.9754098360655737,1.8864235340983213,1.8275239396516807,6,0.016893402238287298,0.024169921875,1
0.02789306640625,0.13214111328125,237.42926025390625,44.66856980809686,0.6247435722100656,0.4845972374179431,28,0.74267578125,1.125,4.36370612579992,4.534044127745533,7,0.03686437542653622,0.0535888671875,1
0.01361083984375,0.12188720703125,243.84014892578125,39.77285386010212,0.5510790358744395,0.5110005605381166,24,0.7586669921875,1.0272727272727273,2.349355276420267,2.7336048022425903,5,0.019666489637380925,0.0272216796875,1
0.03460693359375,0.14605712890625,237.5062255859375,52.00268041010799,0.4616815476190476,0.4097911155202822,25,0.814208984375,1.008695652173913,5.2046907835474485,4.698210420185941,11,0.028381216397545938,0.0628662109375,1
0.012939453125,0.12420654296875,244.50286865234375,32.04128831382871,0.5589991155660378,0.32009139150943394,19,0.75146484375,0.9473684210526315,2.3764387089718935,1.9342210156804729,4,0.021635047386616525,0.02587890625,1
0.02655029296875,0.14068603515625,239.8316650390625,47.92771410730814,0.4158405172413793,0.428125,23,0.793212890625,1.0,4.022087152038572,4.230358738758895,9,0.02844886542188182,0.0526123046875,1
0.02166748046875,0.129638671875,241.8369140625,44.943016923260615,0.46265404929577464,0.5007702464788732,18,0.88623046875,0.9917355371900827,2.8565025702060467,3.211830775989568,6,0.028690873485835766,0.0423583984375,1
0.01251220703125,0.13250732421875,243.54107666015625,39.575182754495785,0.38163109756097563,0.5862042682926829,21,0.815185546875,1.1886792452830188,2.28219960971729,2.4184830077124277,5,0.018638721704641276,0.0242919921875,1
0.1064453125,0.15228271484375,225.58526611328125,76.93858717501122,0.43054311209862384,0.4929669581422018,15,1.0,1.0,19.031634848325563,18.521946441991457,16,0.04443225229774525,0.1533203125,1
0.03125,0.13995361328125,238.92022705078125,49.91455390417062,0.5169219970703125,0.51580810546875,28,0.814208984375,0.9913793103448276,4.7549316504025585,4.4458548109446845,8,0.034298065095382704,0.05908203125,1
0.01470947265625,0.037109375,250.27197265625,28.92953041604724,0.6182572614107884,0.38436851659751037,48,0.842529296875,1.0258620689655173,2.1346146232619483,2.0714619450628944,10,0.013799750532784084,0.0286865234375,1
0.00933837890625,0.015869140625,252.0870361328125,23.897161628345582,0.610498366013072,0.5906862745098039,10,0.84832763671875,1.0884955752212389,1.932689971864021,1.976655136169117,4,0.01783720461621542,0.0186767578125,1
0.084716796875,0.13043212890625,232.19549560546875,69.77985525870109,0.5726821415706052,0.44277962896253603,14,1.0,1.0,18.89297054296915,19.123544675020373,16,0.04666280401229436,0.11962890625,1
0.02642822265625,0.14691162109375,239.98583984375,40.38251302338334,0.5131170612009238,0.604647806004619,28,0.842529296875,1.0258620689655173,5.037548222086191,3.549033965721341,8,0.0268343061814759,0.0494384765625,1
0.0245361328125,0.12835693359375,241.7763671875,38.84157888248009,0.6376321517412935,0.6147388059701493,22,0.8134765625,1.0625,4.147164647005831,3.084067867180455,8,0.02569137861387516,0.047119140625,1
0.01239013671875,0.12286376953125,244.39678955078125,38.659369404070205,0.6345443349753694,0.6637161330049262,18,0.677001953125,0.7966101694915254,2.659086261499192,2.063550277093764,4,0.021494689546167955,0.0247802734375,1
0.0179443359375,0.1240234375,243.42315673828125,34.89518979593575,0.3282047193877551,0.5222948554421769,19,0.7720947265625,1.0454545454545454,3.308037973538847,3.049998399077449,5,0.026205911850970896,0.035888671875,1
0.018310546875,0.13427734375,242.02490234375,43.496675800048514,0.6458333333333334,0.44276041666666666,20,0.8203125,1.2190476190476192,2.9086011994599743,2.1594179626695706,8,0.020322415792633552,0.03564453125,1
0.02215576171875,0.1259765625,241.704833984375,45.64423862440193,0.39456353305785125,0.46644714187327824,19,0.77783203125,1.0925925925925926,3.9286156589941132,3.1985771830758987,6,0.033308367270648905,0.0404052734375,1
0.00347900390625,0.009765625,253.84521484375,14.470874795141262,0.5257675438596491,0.5675712719298246,12,0.390380859375,0.9512195121951219,0.93381436985289,0.8642969844583226,3,0.006366116018183077,0.0069580078125,1
0.02398681640625,0.136962890625,241.40234375,38.93123864152136,0.5126232506361323,0.3560949427480916,23,0.673828125,1.3043478260869565,4.20413411445731,3.240812961641531,7,0.030974063940890757,0.0477294921875,1
0.02960205078125,0.1265869140625,237.268310546875,45.500166677206366,0.6327319587628866,0.3204896907216495,22,0.61572265625,0.9326923076923077,5.526431296152495,4.5836876934509565,7,0.04136252163517266,0.0567626953125,1
0.0296630859375,0.15240478515625,238.36688232421875,50.27882441901195,0.41014017489711935,0.6156442901234568,20,0.69818115234375,1.3225806451612903,4.717585742132834,4.165256922973059,10,0.029227365049892963,0.058349609375,1
0.02386474609375,0.143310546875,240.16656494140625,47.11997473793771,0.5561860613810742,0.46179667519181583,33,0.8282470703125,1.0260869565217392,4.11610517083125,3.953456940115037,6,0.03489754112771389,0.0445556640625,1
0.0059814453125,0.017333984375,252.85040283203125,19.037359089366674,0.43837691326530615,0.3677455357142857,29,0.5035400390625,1.4666666666666666,1.6321208164149492,1.019224391081277,4,0.007610572485725752,0.011962890625,1
0.0816650390625,0.12744140625,233.1212158203125,68.50110186076549,0.48863158632286996,0.45512775597907323,11,1.0,1.0,18.769514584409876,18.85754962168667,16,0.0497027082380794,0.109619140625,1
0.04541015625,0.1431884765625,233.25189208984375,52.133844190151976,0.5060693884408602,0.42747185819892475,22,0.95361328125,1.0161290322580645,8.540116729295917,4.671639835218464,8,0.048189178872950496,0.0732421875,1
0.01239013671875,0.12139892578125,244.2725830078125,39.116110589928795,0.752809421182266,0.5727755541871922,17,0.848876953125,0.9344262295081968,2.3701507855184554,2.7514977278009427,4,0.022383098900046156,0.0247802734375,1
0.017333984375,0.13580322265625,242.64306640625,35.58938105281058,0.5447843309859155,0.3805017605633803,24,0.6591796875,0.9259259259259259,2.9366687653700407,2.588850794754306,7,0.02367912357757566,0.03466796875,1
0.0107421875,0.022705078125,251.75677490234375,24.03992415479459,0.4636452414772727,0.38232421875,21,0.51226806640625,1.4155844155844155,1.8833148966649205,1.5258194519667128,6,0.014447680298353019,0.020751953125,1
0.02435302734375,0.1307373046875,241.20709228515625,46.02447013877465,0.5242990288220551,0.5047775689223057,21,0.885498046875,0.9435483870967742,3.253894526539505,3.088843568367254,7,0.03135942137315151,0.0482177734375,1
0.0286865234375,0.1317138671875,240.63446044921875,41.02709198606341,0.5186003989361702,0.4858876329787234,20,0.8258056640625,1.1181818181818182,4.424910618800678,3.7523104861371745,8,0.030956559523589448,0.05712890625,1
0.02288818359375,0.12689208984375,241.48773193359375,45.61523970818494,0.43170833333333336,0.40891666666666665,20,0.6630859375,1.1546391752577319,3.867297978219903,3.7253011492151544,7,0.029662771968985265,0.0443115234375,1
0.01947021484375,0.13714599609375,241.8304443359375,43.55064721616772,0.6418740203761756,0.5040409482758621,29,0.8712158203125,0.9590163934426229,2.955387278317979,2.9527426174395477,7,0.02273123270453151,0.0384521484375,1
0.01385498046875,0.13836669921875,246.919677734375,27.50120103012357,0.598568281938326,0.379818281938326,18,0.84375,0.84375,2.3425908591970876,2.315757313190169,7,0.018870724016854065,0.0269775390625,1
0.02850341796875,0.1361083984375,239.509033203125,49.02044292589818,0.5812868040685225,0.5676860278372591,22,0.80621337890625,1.072072072072072,3.8681185747846136,3.6541710836513595,8,0.02981759478062937,0.0570068359375,1
0.03424072265625,0.14501953125,238.05364990234375,51.384464087114985,0.39697526737967914,0.4871880570409982,25,0.8426513671875,1.0085470085470085,4.8284979123785225,3.953086400503251,10,0.028048493383782354,0.0645751953125,1
0.020751953125,0.14398193359375,240.571533203125,45.29193779354777,0.4286534926470588,0.6237821691176471,27,0.791015625,1.1111111111111112,3.6517065787792973,2.30636856063813,8,0.021835236512535182,0.040771484375,1
0.01641845703125,0.13018798828125,242.8873291015625,41.62751758521889,0.5113847583643123,0.4290485594795539,21,0.4522705078125,0.5701754385964912,2.594585238259431,3.186494556498371,6,0.021948822658785054,0.0323486328125,1
0.016845703125,0.12603759765625,242.65826416015625,42.448405910819226,0.3367583786231884,0.6168478260869565,18,0.791015625,0.9,2.9193254250768277,2.737007661205938,6,0.026711929967829003,0.03271484375,1
0.02294921875,0.13494873046875,241.48974609375,38.447805939691236,0.5782081117021277,0.544423204787234,23,0.743408203125,1.1047619047619048,3.759882810673758,3.9205986468905487,8,0.027430804502320584,0.04443359375,1
0.02239990234375,0.1414794921875,241.001220703125,45.599995807571176,0.5798492847411444,0.46945248637602177,22,0.86334228515625,0.9349593495934959,3.4149741345790234,3.0602570708755414,8,0.02691636550417932,0.0433349609375,1
0.0946044921875,0.14410400390625,229.57440185546875,72.80692093371535,0.49770665322580643,0.4901915322580645,16,1.0,1.0,18.68540304915511,19.096479704630774,16,0.04148648962461136,0.1328125,1
0.0234375,0.13983154296875,241.10906982421875,39.06591554772572,0.3129069010416667,0.57550048828125,22,0.80712890625,0.9827586206896551,3.75,4.175823272122517,6,0.03445238592691555,0.0458984375,1
0.0848388671875,0.13360595703125,231.78436279296875,69.64063865204335,0.506896357913669,0.4732969874100719,13,1.0,1.0,18.80813253912719,18.59130104670932,15,0.049038699992421456,0.118408203125,1
0.10284423828125,0.1468505859375,227.37286376953125,75.43724723220389,0.460214206231454,0.4661860163204748,11,1.0,1.0,18.62784262860554,19.138792960792845,16,0.044270604263909795,0.1544189453125,1
0.00201416015625,0.0084228515625,254.19146728515625,11.488727829232602,0.19223484848484848,0.553030303030303,10,0.298828125,0.47058823529411764,0.5895720607726845,0.5191052059493817,1,0.004373713031578767,0.0040283203125,1
0.1041259765625,0.1490478515625,226.5833740234375,76.38888882476031,0.5459774325908558,0.4966615987690504,10,1.0,1.0,19.133212850547995,18.990585403940948,15,0.05081864960491307,0.154541015625,1
0.00396728515625,0.00628662109375,253.87286376953125,14.409499564089517,0.44735576923076925,0.3454326923076923,9,0.41015625,1.640625,1.1792217623686183,1.0896967306749847,2,0.009215904378553045,0.0079345703125,1
0.01226806640625,0.11822509765625,244.51300048828125,38.3122030719912,0.4079990671641791,0.5238650497512438,23,0.57470703125,0.822429906542056,2.163921475549367,2.1127721487050493,4,0.021581171631415284,0.0245361328125,1
0.01690673828125,0.12109375,243.8780517578125,34.80763468460856,0.48228790613718414,0.49348488267148016,17,0.729248046875,1.1262135922330097,3.4364256133508477,2.954808961014866,6,0.025637599243500193,0.0330810546875,1
0.0106201171875,0.12921142578125,243.883544921875,38.7176700153548,0.46758261494252873,0.6065912356321839,23,0.6756591796875,1.3666666666666667,2.967886387545015,1.7263327052961142,4,0.018522133628876416,0.020751953125,1
0.0078125,0.0164794921875,252.5040283203125,21.69679045837219,0.604736328125,0.58111572265625,14,0.6053466796875,0.7631578947368421,1.5662455107677085,1.4142135623730951,5,0.012391189004345235,0.015625,1
0.02435302734375,0.14117431640625,239.7774658203125,47.236245156326284,0.512453007518797,0.3975172305764411,31,0.878662109375,0.9672131147540983,3.647818469968558,3.193306216109528,8,0.026406647154400283,0.0457763671875,1
0.0225830078125,0.14569091796875,239.983642578125,46.543625327284346,0.5036317567567568,0.29894425675675673,33,0.84228515625,1.0434782608695652,4.589788895948811,3.359302324795284,7,0.024878097398845885,0.0419921875,1
0.02813720703125,0.135986328125,240.02490234375,48.327312826491045,0.5207260032537961,0.5120831073752712,23,0.8203125,1.0714285714285714,3.33621193250575,3.1631171427238907,7,0.033783661956503015,0.0560302734375,1
0.106689453125,0.1463623046875,225.94915771484375,76.94477058408727,0.497894915617849,0.4567362700228833,10,1.0,1.0,18.671685406987233,18.512849211763704,16,0.043456345456316284,0.15087890625,1
0.02301025390625,0.1395263671875,240.55535888671875,45.8817421693556,0.3779840848806366,0.5237276193633952,28,0.89208984375,0.9206349206349206,3.3008251661279715,3.2266192488956222,8,0.026126397889442682,0.0445556640625,1
0.02001953125,0.12164306640625,242.2850341796875,43.91372746212706,0.23299352134146342,0.31068978658536583,22,0.6368408203125,0.8468468468468469,3.8135244525242,4.2879737347609765,5,0.031713857790245915,0.037841796875,1
0.01824951171875,0.1368408203125,241.65240478515625,43.636392286322625,0.43862353678929766,0.5558632943143813,27,0.67071533203125,1.121212121212121,3.32668506115228,2.9349120082370015,7,0.023278571749253976,0.0321044921875,1
0.01556396484375,0.13336181640625,242.65716552734375,42.02658060927575,0.5933823529411765,0.2942708333333333,20,0.794677734375,1.180952380952381,2.9194822254714534,2.2586503635675332,5,0.02228100897724181,0.0311279296875,1
0.02349853515625,0.13189697265625,241.1136474609375,46.034226919997366,0.33291396103896104,0.4223417207792208,19,0.86407470703125,0.9669421487603306,4.099344638456707,3.778012237254367,7,0.02870593124651205,0.0450439453125,1
0.02532958984375,0.12713623046875,238.47320556640625,42.94954559280739,0.521460843373494,0.43049698795180724,22,0.6749267578125,1.175257731958763,4.468196807980122,3.3581665704434243,5,0.037249601346001276,0.0460205078125,1
0.0108642578125,0.0233154296875,251.1849365234375,26.46034312784391,0.6429511938202247,0.5662745786516854,31,0.79315185546875,1.0176991150442478,2.1910128044753643,2.0164726899650787,6,0.015904314234369363,0.021484375,1
0.00848388671875,0.0172119140625,252.32110595703125,22.27789911355148,0.3002473021582734,0.5840265287769785,16,0.76556396484375,0.9823008849557522,1.686468868996327,1.5763255520652293,6,0.013236469620973799,0.0169677734375,1
0.02398681640625,0.1361083984375,240.35723876953125,46.849883949344125,0.4503220419847328,0.6452965966921119,24,0.7305908203125,1.0857142857142856,3.927434741958643,2.979575246967888,7,0.028504855591422077,0.0460205078125,1
0.011962890625,0.02642822265625,251.05682373046875,27.10253211672065,0.5365911989795918,0.6126833545918368,28,0.72418212890625,0.9292035398230089,1.980125864055111,1.6674151964942625,8,0.015423428195397545,0.023681640625,1
0.03155517578125,0.147705078125,238.8564453125,42.71222171977474,0.40215485976789167,0.4697624516441006,28,0.8714599609375,1.0254237288135593,3.8025533028602965,4.211966479103763,9,0.02954750935455027,0.0611572265625,1
0.01153564453125,0.0233154296875,251.36083984375,25.870171833617814,0.5973875661375662,0.6595568783068783,21,0.7862548828125,1.008849557522124,2.2254383126911765,1.920143401830642,6,0.02087429113383721,0.0230712890625,1
0.020263671875,0.125244140625,242.2100830078125,43.61822991984849,0.5667592243975904,0.5721714984939759,24,0.7724609375,0.9911504424778761,3.062978278979464,3.1210913055372154,6,0.025358913866364415,0.03857421875,1
0.0433349609375,0.1373291015625,234.10223388671875,51.062003802381646,0.427574823943662,0.5713358274647887,21,0.810791015625,0.8780487804878049,5.4383754683154235,5.951443332030895,9,0.05238950067958267,0.08251953125,1
0.1043701171875,0.13922119140625,226.98651123046875,76.34906795069482,0.4665250365497076,0.5121390716374269,15,1.0,1.0,19.14734575886107,18.867438210031985,15,0.05727257554989214,0.151123046875,1
0.089599609375,0.13006591796875,231.02020263671875,71.58815908411592,0.541787295640327,0.553894541893733,17,1.0,1.0,18.84473463430833,18.657663263053603,15,0.0634394610623321,0.13232421875,1
0.03607177734375,0.14935302734375,234.47296142578125,48.96237171656227,0.5867570854483926,0.5023794416243654,21,0.870361328125,1.0782608695652174,4.493260741359636,5.614046409662442,7,0.04298049592819263,0.0670166015625,1
0.02056884765625,0.1448974609375,240.6541748046875,45.016445667336114,0.4434579005934718,0.5658150964391692,32,0.8001708984375,1.0087719298245614,3.2974210892519853,3.0970527667193126,6,0.02633205475047135,0.0394287109375,1
0.08709716796875,0.13385009765625,231.6285400390625,70.24558677834044,0.4922750963559916,0.5264650490539594,15,1.0,1.0,18.96423024561223,19.059155380252133,16,0.049187179309909554,0.1253662109375,1
0.01348876953125,0.132080078125,247.4697265625,27.011211169280838,0.5526725113122172,0.4540441176470588,19,0.84228515625,1.0434782608695652,2.364168867402189,2.174837794777751,7,0.0178213249898926,0.0269775390625,1
0.08343505859375,0.129638671875,232.545654296875,69.44880903112326,0.5320501097293343,0.5122359637893197,7,1.0,1.0,18.673984909556495,18.603147244548268,15,0.050819932436273245,0.1197509765625,1
0.09625244140625,0.13916015625,229.070068359375,73.39766022137142,0.5066185795814838,0.381678027901078,12,1.0,1.0,20.20787810242193,18.704082773617735,16,0.047834081765488055,0.1363525390625,1
0.01837158203125,0.12664794921875,242.440185546875,42.86707101843964,0.5434489202657807,0.6805440199335548,28,0.7989501953125,0.9243697478991597,3.350815767629392,2.560486537475593,7,0.02528528221896938,0.0362548828125,1
0.01885986328125,0.13299560546875,242.2349853515625,43.20436912369788,0.4400536003236246,0.3545459142394822,20,0.66900634765625,1.1649484536082475,3.4607787773987737,2.725823682136053,8,0.020620038996445923,0.0360107421875,1
0.0311279296875,0.151123046875,238.97161865234375,42.93359485365393,0.5147671568627451,0.6900735294117647,24,0.885009765625,1.0775862068965518,5.358964998894376,5.1265003520311,5,0.04507800626160637,0.0517578125,1
0.0145263671875,0.127197265625,243.40576171875,40.56542393648003,0.49737394957983194,0.5862001050420168,22,0.84832763671875,1.0884955752212389,2.6538132205140212,1.9192054630432356,5,0.02042006840555239,0.027099609375,1
0.01617431640625,0.1192626953125,244.19891357421875,34.14849803802903,0.43410966981132076,0.683254716981132,16,0.630126953125,1.303370786516854,3.43052381602923,2.9159678757393315,5,0.02551933822663941,0.0323486328125,1
0.0152587890625,0.11419677734375,244.01141357421875,40.29239662377202,0.3999375,0.4799375,27,0.789306640625,1.150943396226415,3.0100336766180873,2.371244975614076,8,0.019585724204461273,0.030517578125,1
0.0166015625,0.123779296875,243.16375732421875,41.94295707141109,0.6731387867647058,0.6414292279411765,16,0.8349609375,1.0526315789473684,3.550968177835448,2.7414640249326636,4,0.028345557175195296,0.032470703125,1
0.015625,0.13092041015625,242.59967041015625,41.708009530225745,0.381744384765625,0.5438232421875,23,0.77545166015625,0.8677685950413223,2.4238399287081647,2.8339460121886586,5,0.0249597224983048,0.03125,1
0.0169677734375,0.1317138671875,242.469482421875,42.66496644374838,0.5938905125899281,0.4935083183453237,18,0.5975341796875,0.8090909090909091,2.9741316353475344,3.446260144616915,7,0.021201965232845805,0.033203125,1
0.02703857421875,0.14276123046875,240.13970947265625,40.88700309133202,0.4385933972911964,0.4922933126410835,24,0.89337158203125,1.0336134453781514,3.4480572966663052,3.9387941201710137,9,0.026237380195878467,0.0533447265625,1
0.00921630859375,0.020751953125,251.9593505859375,23.20600114683051,0.5023799668874173,0.562551738410596,20,0.65087890625,1.441860465116279,2.279095193787164,1.6461773605367527,6,0.013385359050265546,0.0152587890625,1
0.027099609375,0.14007568359375,240.61285400390625,40.039114583004825,0.4251829954954955,0.38752815315315314,22,0.7861328125,0.9739130434782609,3.751952616638435,3.4752191927272733,8,0.0313062162204529,0.05322265625,1
0.02325439453125,0.12835693359375,241.378662109375,45.68585329375822,0.35683234908136485,0.5915354330708661,16,0.8563232421875,1.0608695652173914,3.3177195757920455,3.437988246575859,6,0.030624264202231626,0.0465087890625,1
0.02691650390625,0.1304931640625,240.95111083984375,40.49581913203186,0.5534651360544217,0.5967616213151927,19,0.93017578125,0.9448818897637795,3.663179531137363,3.3791839661882497,6,0.0349743162161931,0.0538330078125,1
0.036865234375,0.143798828125,237.3148193359375,53.394375738137505,0.5445209023178808,0.45500051738410596,30,0.876708984375,0.9047619047619048,4.549961366594227,3.441333090170145,11,0.03281943838239899,0.070068359375,1
0.0216064453125,0.1273193359375,241.89117431640625,44.62100669542944,0.4545153601694915,0.3224311440677966,17,0.598388671875,0.7543859649122807,3.543224994179032,3.4334848709984147,6,0.029114985090746854,0.04296875,1
0.0406494140625,0.13470458984375,234.77288818359375,50.71963203761875,0.5076951951951952,0.4775595908408408,20,0.7706298828125,0.9067796610169492,5.166538031832825,5.308247378784734,8,0.04552404417095584,0.0791015625,1
0.023193359375,0.1395263671875,241.4544677734375,38.1607654609593,0.37023026315789476,0.43534128289473684,20,0.765625,1.0,3.144781143020926,3.3023133463528263,7,0.02677210961848304,0.04443359375,1
0.02520751953125,0.13604736328125,240.42633056640625,47.3589942202824,0.4670475181598063,0.6989066283292978,23,0.9307861328125,0.976,4.5931587098198285,3.599511346501598,8,0.026931308818158882,0.0452880859375,1
0.0068359375,0.0166015625,252.89215087890625,19.390414783124434,0.7152622767857143,0.4937220982142857,14,0.44140625,0.5663716814159292,1.334634781503914,1.5,5,0.010317649711482147,0.01318359375,1
0.010498046875,0.02203369140625,251.63623046875,24.831404083526653,0.4831486191860465,0.32194767441860467,13,0.659912109375,0.9622641509433962,2.3960824145884465,1.6975971069426339,6,0.014788152071199032,0.02001953125,1
0.02154541015625,0.13055419921875,241.55450439453125,44.967476397590424,0.4969015580736544,0.4343572946175637,23,0.87884521484375,1.0168067226890756,3.6736946953773595,3.3720961900342865,6,0.03090953131017094,0.0430908203125,1
0.0128173828125,0.12646484375,243.7003173828125,39.74476564761255,0.4789434523809524,0.3508928571428571,19,0.708984375,1.2604166666666667,2.2140685647411646,2.249077501860485,4,0.02221780292622543,0.025634765625,1
0.02740478515625,0.13671875,239.95892333984375,48.10781282695303,0.5840409242761693,0.6739803730512249,23,0.70953369140625,0.744,4.7860410534014175,3.7479079450866655,8,0.03304201194026374,0.0482177734375,1
0.04443359375,0.1422119140625,233.34716796875,52.101581424189746,0.5127811641483516,0.4120557177197802,19,0.80694580078125,0.9658119658119658,5.124618888268668,4.790534286486216,9,0.04324115755393239,0.086669921875,1
0.02325439453125,0.1318359375,238.3526611328125,42.8961035919067,0.4939919619422572,0.4960834973753281,20,0.7723388671875,0.9736842105263158,4.3309656179186815,3.8455835946698325,6,0.03428453983944939,0.0443115234375,1
0.03192138671875,0.1444091796875,238.37359619140625,50.78926632503157,0.5347902724665392,0.5819939053537285,25,0.9305419921875,0.9603174603174603,4.054371374959841,4.2001252655240835,10,0.028836963714884475,0.0601806640625,1
0.0096435546875,0.12408447265625,244.50665283203125,37.45442321067718,0.5103342563291139,0.45980023734177217,27,0.8138427734375,0.9576271186440678,2.4286196407373057,1.8977139824997338,3,0.01763187244699903,0.01806640625,1
0.0423583984375,0.1546630859375,234.9632568359375,56.35947673384958,0.5249347082132565,0.5295389048991355,26,0.85693359375,0.975,4.917458335804687,4.354612093444719,11,0.03510344035739563,0.080078125,1
0.0087890625,0.019775390625,252.17315673828125,22.502571134471648,0.5701497395833334,0.3668077256944444,22,0.552001953125,1.5657894736842106,1.7365554986812255,1.375,6,0.012704699053962586,0.017578125,1
0.01251220703125,0.03131103515625,250.73114013671875,27.3014166409801,0.4811356707317073,0.5317835365853658,45,0.828369140625,0.9914529914529915,1.9418895588044522,2.0438162976632097,7,0.015153322035345713,0.0250244140625,1
0.03662109375,0.132080078125,235.8271484375,48.86874715510125,0.6599088541666667,0.6470963541666667,16,0.80712890625,1.0175438596491229,6.125956557958928,5.792977969058747,6,0.047038745979798936,0.066650390625,1
0.034912109375,0.152587890625,238.0887451171875,44.227412582223685,0.5238335882867133,0.5291466346153846,21,0.84765625,0.9032258064516129,5.075888930768679,4.771231333471476,10,0.03382823635726114,0.06787109375,1
0.0142822265625,0.14300537109375,242.85369873046875,34.28074819797188,0.48995058760683763,0.4850761217948718,21,0.79168701171875,1.091743119266055,2.8616793992994745,2.987236847719812,4,0.023825610919336916,0.028076171875,1
0.0101318359375,0.12457275390625,244.4827880859375,37.36898920416017,0.33372552710843373,0.4520896084337349,26,0.61651611328125,0.8198198198198198,1.7516036179384307,1.9896583210126808,4,0.01440998546967578,0.020263671875,1
0.0313720703125,0.14752197265625,238.37847900390625,50.39331633540623,0.45573929961089493,0.6051039640077821,24,0.8861083984375,0.9754098360655737,4.9544556572215885,4.834744652965139,9,0.03351913860550297,0.05908203125,1
